y_pred_FinBert,y_test_FinBert,y_pred_Vader,y_test_Vader
-0.006852731,-0.0046620066125968,0.0004102929,-0.0046620066125968
-0.0061419234,-0.0058488485936484,0.000821759,-0.0058488485936484
-0.005489288,0.0021451359714232,0.0017388964,0.0021451359714232
-0.006659584,-0.0153807731475406,0.0009905632,-0.0153807731475406
-0.004969429,0.0077808771497411,0.0024965426,0.0077808771497411
-0.006651722,-0.0184922435445735,0.0006945925,-0.0184922435445735
-0.0053254236,-0.0015596966786476,0.001680013,-0.0015596966786476
-0.006153943,0.0147334461438957,0.0012239295,0.0147334461438957
-0.0081248935,-0.0081535823682541,-0.00011717343,-0.0081535823682541
-0.0059830807,0.0128517315867549,0.0012241362,0.0128517315867549
-0.008098021,-0.0071389467763917,0.00026969807,-0.0071389467763917
-0.007362917,0.0127238700262164,0.0011106088,0.0127238700262164
-0.008535737,-0.0064814631592917,0.00027966464,-0.0064814631592917
-0.007924115,0.0093892098070225,0.0015659449,0.0093892098070225
-0.008201193,-0.0006405313843521,0.0010025204,-0.0006405313843521
-0.00709437,-0.0057903627079295,0.0007410289,-0.0057903627079295
-0.006254602,-0.01624558761114,0.0009357701,-0.01624558761114
-0.00432634,-0.0022749388569202,0.0021830674,-0.0022749388569202
-0.0055045784,0.001947575412617,0.0015594008,0.001947575412617
-0.0067675915,0.0148848557290639,0.0005071714,0.0148848557290639
-0.009028761,-0.0111364011806867,-0.00095547,-0.0111364011806867
-0.005610831,-0.0043845032980361,7.970256e-05,-0.0043845032980361
-0.006077254,0.0036761151229645,1.0106109e-05,0.0036761151229645
-0.006743416,0.0066209415315392,-9.092642e-05,0.0066209415315392
-0.0075400155,-0.0003036593405084,-0.00095770124,-0.0003036593405084
-0.0070320647,0.0015154801463801,-0.0003545048,0.0015154801463801
-0.007254109,0.0031403810825882,-0.00028300934,0.0031403810825882
-0.008014152,0.0055081801116596,-0.00047204364,0.0055081801116596
-0.0069610924,-0.0044641095189315,-0.00058635464,-0.0044641095189315
-0.006244898,0.0033186865086203,0.00043682012,0.0033186865086203
-0.00831762,0.0042086501015683,0.0002167956,0.0042086501015683
-0.007741198,-0.0003776288583487,1.9367115e-05,-0.0003776288583487
-0.0077727046,-0.0154353422825527,0.000196398,-0.0154353422825527
-0.0048836116,0.011703432448664,0.002007119,0.011703432448664
-0.006705312,-0.0047319199728727,0.00061486464,-0.0047319199728727
-0.007465964,0.0049404854244983,0.0010295524,0.0049404854244983
-0.0070573594,0.0011320333120039,0.00024547448,0.0011320333120039
-0.007572785,0.0011878587344795,0.00027317187,0.0011878587344795
-0.007533023,-0.0023323890491034,0.00023812498,-0.0023323890491034
-0.0067703165,0.0040010000674852,0.00058937934,0.0040010000674852
-0.0076337233,-0.0041198646407528,3.009569e-06,-0.0041198646407528
-0.007277662,-0.0108125335713011,0.00062718394,-0.0108125335713011
-0.005865857,0.010287873942296,0.0018427563,0.010287873942296
-0.007512007,0.0025709991308096,0.000631411,0.0025709991308096
-0.007954007,-0.0078692872832427,0.00042405273,-0.0078692872832427
-0.006906295,-0.0048091137847591,0.0007562917,-0.0048091137847591
-0.006312048,0.0046003905307829,0.00069445884,0.0046003905307829
-0.0071984455,0.0148989023608656,6.328791e-05,0.0148989023608656
-0.008246757,-0.004724255746497,-0.0009967643,-0.004724255746497
-0.007426411,-0.0020402709921609,0.000493716,-0.0020402709921609
-0.006173061,-0.0004283892112887,0.0009473808,-0.0004283892112887
-0.0062908754,0.0106170982911093,0.0010144745,0.0106170982911093
-0.008119727,0.0011133051471756,-6.8693334e-05,0.0011133051471756
-0.0074749496,0.0014404282274671,0.0001344574,0.0014404282274671
-0.007217223,0.0007382837291578,-0.00010092274,0.0007382837291578
-0.006956365,-0.0014738782364741,-0.00017750534,-0.0014738782364741
-0.007376304,1.8585483103183972e-05,-2.3044267e-05,1.8585483103183972e-05
-0.0068423953,-0.0029378467763702,-0.00020578518,-0.0029378467763702
-0.0059696883,-0.0104475792534187,0.0005060934,-0.0104475792534187
-0.005797183,0.0067317522957788,0.0021567529,0.0067317522957788
-0.007307535,-0.002030012268078,0.0014057547,-0.002030012268078
-0.0065606777,-0.006368680030293,0.0013417916,-0.006368680030293
-0.005322652,0.0016484360120945,0.0015237693,0.0016484360120945
-0.0061456654,-0.0015758928089442,0.001393922,-0.0015758928089442
-0.007293014,0.0035715242196912,0.00059076096,0.0035715242196912
-0.006357709,-0.0094427366613049,5.0072398e-05,-0.0094427366613049
-0.0064995494,-0.0031341704516432,0.0012338135,-0.0031341704516432
-0.0060581714,-0.0046449669986106,0.0014702744,-0.0046449669986106
-0.00547952,-0.0001413734737238,0.0017933896,-0.0001413734737238
-0.0050390232,0.0133056073663795,0.0018361888,0.0133056073663795
-0.008240223,0.0021648824000317,0.00035061862,0.0021648824000317
-0.0071259215,-0.0077901447606948,0.00021402742,-0.0077901447606948
-0.0066094585,-0.0060154693230628,0.001031239,-0.0060154693230628
-0.006352382,0.0063689205092622,0.0012163477,0.0063689205092622
-0.007475838,0.0017459185735171,0.00015032144,0.0017459185735171
-0.0071680173,0.0100413814902711,-1.7814426e-05,0.0100413814902711
-0.009349745,-0.005513993602294,-0.0012717727,-0.005513993602294
-0.0076033473,0.0057632310536543,2.5595073e-06,0.0057632310536543
-0.007540865,0.0013405800700905,-0.00066248944,0.0013405800700905
-0.0078107286,-0.0098103676264016,-0.00024758757,-0.0098103676264016
-0.0066930223,-0.0042141066847228,0.0009762567,-0.0042141066847228
-0.005715402,0.0031480817025231,0.0012044116,0.0031480817025231
-0.0065529346,-0.0195206068805166,0.00075233006,-0.0195206068805166
-0.004999049,0.0013161910006693,0.0023004233,0.0013161910006693
-0.006323606,0.0078549512351966,0.0013260226,0.0078549512351966
-0.0076697897,-0.0015655435102316,0.00022843751,-0.0015655435102316
-0.006491957,-0.0026243096427599,0.00025332958,-0.0026243096427599
-0.0062958244,0.0052777818512053,0.00048418975,0.0052777818512053
-0.0074518155,-0.014709543543018,-6.302961e-05,-0.014709543543018
-0.005112637,0.0018954280940932,0.00084343366,0.0018954280940932
-0.006765673,0.0120688136940176,0.0005308342,0.0120688136940176
-0.0072419904,0.0122333622980321,-0.0008236222,0.0122333622980321
-0.008331792,0.004221923591767,-0.0011254208,0.004221923591767
-0.008695142,-0.0001888908452098,-0.000751504,-0.0001888908452098
-0.007257199,0.0038825162479265,0.00014415936,0.0038825162479265
-0.0084515475,-0.0018653595287041,-3.802523e-05,-0.0018653595287041
-0.006825125,0.0007719003786181,0.0009939674,0.0007719003786181
-0.007136777,-0.0100064635242512,0.0007894053,-0.0100064635242512
-0.006115416,-0.0038087448538755,0.0014098557,-0.0038087448538755
-0.0058537163,-0.0066729527388448,0.0014179988,-0.0066729527388448
-0.006002996,-0.0092144914774446,0.0015917189,-0.0092144914774446
-0.0055120084,-0.0072823086575521,0.0016505847,-0.0072823086575521
-0.005314421,0.0108757610090381,0.0020287856,0.0108757610090381
-0.0072147567,0.0068700647932253,0.00027585225,0.0068700647932253
-0.008072317,-0.0003047736436142,-0.00048064973,-0.0003047736436142
-0.0072644316,-0.0031624679232592,-0.00021710066,-0.0031624679232592
-0.0077097453,-0.0051815084595606,0.00036506966,-0.0051815084595606
-0.0067042485,-0.0026996947476708,0.0013994599,-0.0026996947476708
-0.006463254,-0.0005822420838432,0.0013647029,-0.0005822420838432
-0.0071625207,-0.0068824095455631,0.0011837768,-0.0068824095455631
-0.0058070254,-0.0026618717834641,0.001389814,-0.0026618717834641
-0.006311288,0.0139172142119214,0.0018059246,0.0139172142119214
-0.0072078835,-0.0120538194601699,-0.00013927408,-0.0120538194601699
-0.0058061425,-1.896690442237947e-05,0.0015263936,-1.896690442237947e-05
-0.0064337254,0.0003298509282387,0.0013561646,0.0003298509282387
-0.006350886,0.0039722769951029,0.0010794364,0.0039722769951029
-0.006474888,0.0038781109022887,0.00097224687,0.0038781109022887
-0.0072818864,-0.0019287259863828,0.0009268713,-0.0019287259863828
-0.0068747364,-0.0092859470747873,0.0009379232,-0.0092859470747873
-0.0059427153,-0.0206378799094131,0.0015974466,-0.0206378799094131
-0.003977483,-0.0312488468739714,0.003562942,-0.0312488468739714
-0.001977913,-0.0357478328042648,0.0052026175,-0.0357478328042648
-0.001984736,-0.0129106335660204,0.0067774374,-0.0129106335660204
-0.002454076,0.0395156346309868,0.0052745976,0.0395156346309868
-0.008461406,0.0226741299661938,-0.00016991481,0.0226741299661938
-0.010318322,-0.0007060899268592,-0.0017410762,-0.0007060899268592
-0.008842919,-0.0069086343525972,-0.0008100108,-0.0069086343525972
-0.006622525,-0.0284171621165538,0.00013449902,-0.0284171621165538
-0.004080357,0.0182478449613383,0.0024279922,0.0182478449613383
-0.0072811972,0.0014298415893514,-9.635431e-05,0.0014298415893514
-0.007105859,-0.0166341300203719,-0.00012452954,-0.0166341300203719
-0.004970355,0.0242386409857375,0.0018178386,0.0242386409857375
-0.008466084,-0.0144979094072854,-0.000608315,-0.0144979094072854
-0.005880486,0.0047269662926474,0.0012218346,0.0047269662926474
-0.0069814883,0.0062882385331222,0.0008781962,0.0062882385331222
-0.008187506,-0.0037807791224778,0.00014007272,-0.0037807791224778
-0.0073443446,0.0139814432718226,0.0007969724,0.0139814432718226
-0.009049956,0.0084398120043232,-0.00040525483,0.0084398120043232
-0.009468794,-0.0038954111596697,-0.00083301123,-0.0038954111596697
-0.0078882,-0.0174011799841032,1.4242833e-05,-0.0174011799841032
-0.0049559195,0.0076663164024972,0.0018799723,0.0076663164024972
-0.007400017,-0.0108853824186337,0.00079806766,-0.0108853824186337
-0.006007403,-0.0030972825549758,0.0017543436,-0.0030972825549758
-0.0059477277,-0.0048261590034581,0.0013500652,-0.0048261590034581
-0.0051192194,0.0069963193009672,0.0015328751,0.0069963193009672
-0.0065280143,-0.0191717194093041,-0.00016087579,-0.0191717194093041
-0.0040413197,0.0029521660278355,0.0015064785,0.0029521660278355
-0.0061953496,0.0146780737471337,0.0009293966,0.0146780737471337
-0.007490283,-0.0007792853935313,-0.0005724344,-0.0007792853935313
-0.006802626,0.0123131302083314,0.00011924996,0.0123131302083314
-0.007677462,0.0184588230385871,-0.00054300786,0.0184588230385871
-0.0093244,0.0008201843452926,-0.0020818107,0.0008201843452926
-0.008700039,0.0072720804813899,-0.0010741127,0.0072720804813899
-0.008846799,0.0081870016230449,-0.0014310115,0.0081870016230449
-0.009487061,0.001978812310309,-0.0012263646,0.001978812310309
-0.008967789,0.0027726399998595,-0.00065567554,0.0027726399998595
-0.008716196,-0.0029167149289655,-0.00029352118,-0.0029167149289655
-0.007886605,-0.0091992524978481,0.00014454039,-0.0091992524978481
-0.0065407753,0.012821459696598,0.0010151784,0.012821459696598
-0.008329684,0.004329820642583,-0.00035022775,0.004329820642583
-0.007681841,0.0008462118837981,-0.00072953734,0.0008462118837981
-0.008209826,-0.0007794118890694,-0.0001283501,-0.0007794118890694
-0.0067724325,-0.0028169653188371,1.6801641e-05,-0.0028169653188371
-0.0063950866,0.018670748107693,0.0002485301,0.018670748107693
-0.008167742,0.009007811787117,-0.0013904193,0.009007811787117
-0.009065764,-0.0013401054614528,-0.0013459054,-0.0013401054614528
-0.008146528,-0.0023617416483231,-0.000587967,-0.0023617416483231
-0.006896721,0.0112669928734638,-6.648904e-05,0.0112669928734638
-0.00877092,-0.0013340489858932,-0.0008225959,-0.0013340489858932
-0.0072434153,-0.0051961451999804,0.00014719633,-0.0051961451999804
-0.0059840754,0.0093537712584135,0.001052308,0.0093537712584135
-0.008027518,0.0050138442703384,-2.8291892e-05,0.0050138442703384
-0.008039456,-0.0028222953762795,-0.00021085978,-0.0028222953762795
-0.0066306945,-0.0002322860724216,0.00024115163,-0.0002322860724216
-0.006014267,0.0026254975007125,0.0003927153,0.0026254975007125
-0.006327158,-0.0100416691494098,0.00048030986,-0.0100416691494098
-0.0052238703,0.0015639998616217,0.0015663437,0.0015639998616217
-0.00690585,-0.0031529209330535,0.0012107264,-0.0031529209330535
-0.006211467,-0.014356977876619,0.00071875274,-0.014356977876619
-0.0052179135,-0.0116247856853546,0.0017240032,-0.0116247856853546
-0.0045195185,0.013787545361718,0.0025217505,0.013787545361718
-0.0068175048,0.0003712309314511,0.00059231697,0.0003712309314511
-0.0073046368,0.0141605052174162,0.00034750122,0.0141605052174162
-0.008926038,-0.0002486393515768,-0.0007755037,-0.0002486393515768
-0.0078451075,0.0051351621716879,-0.00032594867,0.0051351621716879
-0.008487679,-0.0017465883020867,-0.0007360261,-0.0017465883020867
-0.007450428,0.0010965051550473,-4.6936068e-05,0.0010965051550473
-0.006907655,6.743539322728864e-05,-0.00011708279,6.743539322728864e-05
-0.00610457,0.0,0.0007601214,0.0
-0.0072576962,-0.0052472157023727,0.0010938287,-0.0052472157023727
-0.006517561,0.0095051042973894,0.0020229034,0.0095051042973894
-0.0068197306,-0.0088700145328203,0.0012316598,-0.0088700145328203
-0.0056196656,-0.0142140055790498,0.0022346773,-0.0142140055790498
-0.0048690047,0.0211676349679947,0.0035030819,0.0211676349679947
-0.009904413,-0.0065622767483977,0.00057432917,-0.0065622767483977
-0.007273864,-0.0091655439208875,0.001369664,-0.0091655439208875
-0.006405903,-0.0043089264002731,0.0017738298,-0.0043089264002731
-0.005706571,0.0047134576538698,0.001434588,0.0047134576538698
-0.0076600127,-0.0176127149461585,0.00034078132,-0.0176127149461585
-0.004209101,0.0059824963836767,0.0018320048,0.0059824963836767
-0.0071032476,0.0090053922906412,0.00032166744,0.0090053922906412
-0.008872371,0.0127920591891448,-0.0004291735,0.0127920591891448
-0.009312777,-0.0142683372626912,-0.0012952903,-0.0142683372626912
-0.006214272,-0.0209929369652954,0.0011604697,-0.0209929369652954
-0.004531961,0.0071849838070663,0.0032926789,0.0071849838070663
-0.006871648,0.0096020198826625,0.0016977509,0.0096020198826625
-0.007450521,0.0106411538083006,0.00068033254,0.0106411538083006
-0.0076530855,-0.0028654531794379,-0.00025515494,-0.0028654531794379
-0.0067304503,-0.0013616772801431,0.00046611615,-0.0013616772801431
-0.0071801264,0.0109942933989675,0.0005269367,0.0109942933989675
-0.007755289,-0.0066086257588775,-0.00054350146,-0.0066086257588775
-0.0074581485,-0.0101591214162956,0.00052473345,-0.0101591214162956
-0.005204417,-0.0158444407348878,0.0012081042,-0.0158444407348878
-0.0048210956,0.0005668398927318,0.0029266095,0.0005668398927318
-0.0062153395,-0.014695226067044,0.002303538,-0.014695226067044
-0.00514861,-0.0232105953523984,0.0031559295,-0.0232105953523984
-0.0036987234,-0.0101518955298437,0.004071956,-0.0101518955298437
-0.0039025713,0.0031884669991495,0.003321971,0.0031884669991495
-0.0049230643,0.0071744297680576,0.0019882969,0.0071744297680576
-0.0058791153,-0.0220880159910756,0.0007477222,-0.0220880159910756
-0.0039738324,0.0140941036603814,0.0029263399,0.0140941036603814
-0.0075383876,-0.0238701103943557,0.0014236717,-0.0238701103943557
-0.0040999334,0.0017475177046708,0.003832038,0.0017475177046708
-0.0047871657,-0.0155643726905742,0.002389181,-0.0155643726905742
-0.0039062686,0.0073534194309856,0.0029790602,0.0073534194309856
-0.0065054987,0.0132742133028904,0.0015581883,0.0132742133028904
-0.007955121,-0.0129424868800244,0.0006827178,-0.0129424868800244
-0.0060074124,0.0177530274586426,0.0019126943,0.0177530274586426
-0.008048238,-0.0137791385127559,-3.0717638e-06,-0.0137791385127559
-0.0061722063,0.0078509831820072,0.0017510764,0.0078509831820072
-0.0071082506,0.0246838847471835,-0.0001337447,0.0246838847471835
-0.009713648,-0.0010397655932385,-0.0019832,-0.0010397655932385
-0.00853725,-0.0179729113917866,-0.00062104675,-0.0179729113917866
-0.0056241993,0.0113362220638875,0.002087432,0.0113362220638875
-0.00754725,0.0048920600194186,0.0010662312,0.0048920600194186
-0.007922627,-0.01289003860698,0.0005634795,-0.01289003860698
-0.0055196434,-0.0109793430655755,0.0018792256,-0.0109793430655755
-0.0053043664,-0.0007905336387017,0.0023984187,-0.0007905336387017
-0.0057832412,-0.0062218861877861,0.0014411813,-0.0062218861877861
-0.005772911,-0.0159952686790426,0.0015660344,-0.0159952686790426
-0.0049415603,0.0200291543423571,0.002311651,0.0200291543423571
-0.008085147,0.0139334257870127,-0.00072960486,0.0139334257870127
-0.009178802,0.0158936405981691,-0.0012862678,0.0158936405981691
-0.009586258,-0.0024553790703124,-0.0016538707,-0.0024553790703124
-0.0074486677,-0.0013062141433898,-0.00014355642,-0.0013062141433898
-0.0068148114,0.0139501011613403,6.2508625e-05,0.0139501011613403
-0.00822114,-0.0113642212299139,-0.0012135516,-0.0113642212299139
-0.006693134,0.0032382942856172,0.0003806906,0.0032382942856172
-0.007066142,0.012878310814048,0.0002340968,0.012878310814048
-0.008853113,-0.0034327943169197,-0.00059488893,-0.0034327943169197
-0.007015262,-0.0074201274271317,0.0006070717,-0.0074201274271317
-0.006633058,0.0211049603729602,0.0009782097,0.0211049603729602
-0.008094132,0.0020302443772364,-0.001507722,0.0020302443772364
-0.007932084,0.002637980591938,-0.0011738617,0.002637980591938
-0.008012982,0.0037104290363625,-0.0007340036,0.0037104290363625
-0.00802405,0.0039501733634681,-0.0005777854,0.0039501733634681
-0.008779859,-0.006433755225051,-0.0009118158,-0.006433755225051
-0.0062519386,0.0021374412338843,0.0007144301,0.0021374412338843
-0.0075438377,-0.0003075532631202,0.0006196116,-0.0003075532631202
-0.006858561,0.0128377762907581,0.0010765303,0.0128377762907581
-0.0076101664,0.0009190743382456,-0.0001990037,0.0009190743382456
-0.0070108585,0.0013000329606469,-0.0001641837,0.0013000329606469
-0.0058036484,0.0043028341268798,0.00021395538,0.0043028341268798
-0.006088052,0.0089883774277885,-9.056329e-05,0.0089883774277885
-0.0068149865,0.0069107693556373,-8.9595385e-05,0.0069107693556373
-0.007550467,0.001225314819258,0.00020781872,0.001225314819258
-0.006776992,-0.0023433463259167,0.00036859157,-0.0023433463259167
-0.007387381,-0.0045488496039407,0.0012104796,-0.0045488496039407
-0.0057022143,0.0007507817481369,0.0013073349,0.0007507817481369
-0.006032951,0.0011224285527113,0.00094306155,0.0011224285527113
-0.0062604975,0.0055726588639937,0.00046340734,0.0055726588639937
-0.007582428,0.0047382897266241,-0.00018144623,0.0047382897266241
-0.007355327,-0.0017819561769554,-0.00015661542,-0.0017819561769554
-0.006531855,0.0060876227912705,0.00042179986,0.0060876227912705
-0.006919313,-0.0031332986750221,0.0001456881,-0.0031332986750221
-0.006099388,-0.0075367699159948,0.00095586164,-0.0075367699159948
-0.0054233894,0.0064039321560918,0.0015419422,0.0064039321560918
-0.006355498,-0.0098266732892133,0.0005517644,-0.0098266732892133
-0.004972486,0.0019952159353051,0.0016514701,0.0019952159353051
-0.0065371245,-0.0011691885800103,0.0010868494,-0.0011691885800103
-0.005996134,0.0093891543051962,0.0010939384,0.0093891543051962
-0.007155057,0.0105539562389787,0.00021232691,0.0105539562389787
-0.0090665985,0.0010135195402631,-0.00021164847,0.0010135195402631
-0.007860141,-0.0016159798969558,3.7747668e-08,-0.0016159798969558
-0.007687371,0.0059616958164974,8.247988e-05,0.0059616958164974
-0.00864635,0.0027460016224929,-0.00032385028,0.0027460016224929
-0.008718157,0.0023635132563109,-0.00016691166,0.0023635132563109
-0.00728298,-0.0062858259159512,-0.00030356154,-0.0062858259159512
-0.006111158,0.0011806170410881,0.00046722774,0.0011806170410881
-0.0067890063,-0.0014724580156911,0.00047109576,-0.0014724580156911
-0.0079607535,0.000727590988925,0.0010922371,0.000727590988925
-0.0077338517,0.0028476685301612,0.00080328854,0.0028476685301612
-0.007466862,-0.0116836416979183,0.00024856086,-0.0116836416979183
-0.005678043,-0.00320340477633,0.0011841465,-0.00320340477633
-0.005664589,0.0066120123321669,0.0011195745,0.0066120123321669
-0.0073900204,-0.0078390668227832,0.0004054155,-0.0078390668227832
-0.006326262,-0.0056138186224957,0.00073631515,-0.0056138186224957
-0.0065692607,0.0005354389502671,0.0014725622,0.0005354389502671
-0.0062172115,0.0045252946656886,0.00096141,0.0045252946656886
-0.0073678754,-0.0019571289925344,0.00020979872,-0.0019571289925344
-0.005435314,0.0125630058573757,7.779049e-05,0.0125630058573757
-0.0072463434,-0.012116590357595,-0.00046287247,-0.012116590357595
-0.0053724367,0.000529659301895,0.00085369253,0.000529659301895
-0.0064313877,-0.0104500261279308,0.0010640356,-0.0104500261279308
-0.006071914,0.0100021341429374,0.0018569028,0.0100021341429374
-0.007423356,-0.0102045857804741,0.0008585459,-0.0102045857804741
-0.00543982,-0.000191747389904,0.0019074614,-0.000191747389904
-0.0068296064,-0.0052045833406976,0.0015606257,-0.0052045833406976
-0.006254947,0.003758965124416,0.0018796128,0.003758965124416
-0.006690366,-0.0004576762876935,0.0009833877,-0.0004576762876935
-0.007071793,0.0121832704298925,0.0010840205,0.0121832704298925
-0.00913229,0.0082152133640149,-0.00066865,0.0082152133640149
-0.008049309,-0.001300769755857,-0.00062888325,-0.001300769755857
-0.0066856053,0.0025202441380518,-0.00041672672,0.0025202441380518
-0.007058993,-0.0048128697915962,-0.00018219298,-0.0048128697915962
-0.006738698,0.0001389034310339,0.00024014132,0.0001389034310339
-0.007829512,0.0027482592546328,0.0006736346,0.0027482592546328
-0.0071701277,-0.0017658375470939,0.00056927267,-0.0017658375470939
-0.0069412272,0.0063609336701604,0.00035532398,0.0063609336701604
-0.006999202,0.0010016120753286,0.0003058306,0.0010016120753286
-0.0063855387,0.0037222903543021,0.0003737006,0.0037222903543021
-0.00753708,-0.0011030975830937,0.00039118266,-0.0011030975830937
-0.0065966155,-0.0066637946357583,0.00091691036,-0.0066637946357583
-0.0067763384,-0.0074367113170041,0.0019641805,-0.0074367113170041
-0.005468445,-0.0032516689980739,0.0025456045,-0.0032516689980739
-0.005935792,-0.0019604380349187,0.0022923383,-0.0019604380349187
-0.0065504313,0.0052680720996969,0.0020823085,0.0052680720996969
-0.006898688,-0.0032673054501195,0.000886739,-0.0032673054501195
-0.007046003,0.0073384899404131,0.00094998034,0.0073384899404131
-0.00777049,0.0013963218602235,-9.444423e-05,0.0013963218602235
-0.008032899,-0.0027426320933465,-8.697825e-06,-0.0027426320933465
-0.007483721,0.0129487899603109,-0.0003620443,0.0129487899603109
-0.0076480787,-0.0338858436188197,-0.0010368059,-0.0338858436188197
-0.0032517072,-0.0149711803226871,0.0027594892,-0.0149711803226871
-0.0033377185,0.015722094050085,0.0039377026,0.015722094050085
-0.0067535974,0.0163678091028134,0.0017425305,0.0163678091028134
-0.008377008,0.0132983783910811,0.0006127927,0.0132983783910811
-0.008469574,0.0010808096795975,-0.00010784392,0.0010808096795975
